CATEGORY	PRODUCT_SLUG
skirts	sportmax midi skirt 35
heels	giuseppe zanotti devine crystal
beachwear	todd snyder 5 montauk swim short 20
sneakers	
jumpsuits	everyday ritual ava cotton romper 4
jackets	lemaire designer abstract print blazer
jackets	free people day dream washed kimono 33
boots	moma ankle boots 783
dresses	ganni midi dress 373
tops	lorena antoniazzi knitted polo shirt
t-shirts	polo ralph lauren sport striped rugby shirt
t-shirts	adidas originals adv adventure mountain spray tee 1
tops	nanushka petra top 42
shorts	dsquared2 spray paint cargo shorts
necklaces	lee renee opal diamond necklace silver 1
sneakers	new balance low tops sneakers 2729
sweats	wear by erin andrews navy white st louis cardinals chunky pullover sweatshirt
t-shirts	napapijri polo shirt 1270
sneakers	nike tech hera sneaker 1
dresses	aeron robe asymetrique en maille 1
sunglasses	gucci gg1157s sunglasses 6
knitwear	comme des garcons cut out detail crew neck jumper
sweats	nike wordmark fleece hoody 5
shorts	puma tight shorts 1
flats	chloe marcie slip on embellished loafer flats 1
sweats	moncler embroidered outline logo crew sweat 1
hosiery	mapale embroidered lace mesh teddy 2
t-shirts	silent theory acid tail tee 3 pack 6
boots	paris texas pointed tall boots 5
sweats	roxy that rad weathirt 1
t-shirts	smartwool merino base layer crew 2
necklaces	yvonne leon yvonn 18k wg 010ct pear diam solitaire
jeans	buckle black eleven straight stretch jean 20
knitwear	isabel marant cut out detail ribbed jumper 1
dresses	monki mini dress 3
heels	see by chloe glyn espadrille wedge 6
t-shirts	comme des garcons play comme des garcons play double heart polo
t-shirts	ballantyne short sleeve cotton t shirt 2
rings	cristina junquero sortija rope
shorts	paige anessa short 19
pants	seventy gabardina cotton stretch trousers 2
knitwear	kaya doyou wave haori
dresses	solace london mila asymmetric strapless draped crepe dress
necklaces	ettika true goddess single pearl 18k gold plated chain link necklace
knitwear	maison margiela sweater 3010
knitwear	lululemon athletica waist length crewneck sweater
pants	drole de monsieur le pantalon signature 12
t-shirts	john elliott aanti expo cotton tee
jackets	eileen fisher organic linen cotton blazer 1
lingerie	ciamaritima terrycloth solid color top w sash 1
tops	toteme draped silk cami 3
knitwear	blanc noir huntress hooded open front cardigan 5
sneakers	vans classic slip on sneakers checkerboard 1
belts	versace jeans black yellow logo couture belt
skirts	mirla beane checkerboard midi skirt
jeans	we are bound brooklyn tapered denim jean stone washed black
pants	topshop faux leather high rise peg pants
sneakers	adidas originals ozweego sneakers 323
dresses	asos design curve elasticated back satin slip midi dress
earrings	max stone sterling 26x30x5 mm hoop earrings
jackets	diesel baranco jacket
sneakers	axel arigato marathon sneakers 30
sneakers	gucci gg leather sneaker 6
flats	topshop wide fit lola leather loafers with chain detail
pants	department 5 casual trouser 1774
dresses	cinderella divine cb084 dress 1
nightwear	vero moda tall pyjama shirt pants set
hats	gabriela hearst gray lutz beanie
boots	casadei 1774 bootbrowncombo9 m
hats	tasha metallic faux fur pompom beanie 1
lingerie	aubade lovessence brazilian brief 1
dresses	ashley lauren 11369 sleeveless evening gown
sweats	off white co virgil abloh off wave diag sweatshirt 2
hats	herschel supply co quartz beanie 53
pants	true royal pants 569
sweats	polo ralph lauren 4001 waffle knit jogger pants 3
dresses	boohoo textured spot ruffle plunge maxi dress 1
pants	the north face cargo pant 4
shorts	dime plaid shorts 1
crossbody bags	dolce gabbana cross body bag 845
tops	etro t shirt 5661
shirts	valentino logo patch short sleeve shirt
dresses	shrimps ruby gathe shell mini dress
sunglasses	chloe ch0164s 002 gold green
tops	t by alexander wang jacquard trimmed gingham stretch knit top
sunglasses	ray ban rb4068 sunglasses lenses 3
dresses	kalmanovich velvet cut out dress
t-shirts	drumohr t shirt with logo
shorts	simone rocha ruffle zip drill shorts
tops	open edit crop vest
tops	boohoo corset cropped shirt
pants	armani exchange trousers 678
boots	ugg classic mini chains 1
jeans	vicolo denim trousers 655
shirts	stenstroms slimline washed shirt
shirts	billabong all day short sleeve woven 21
dresses	talbot runhof short dress 37
flats	trotters darcey flat 11
shirts	robert graham joy patterned dress shirt
t-shirts	wood wood ace tee 56
boots	carvela kurt geiger amplify ankle boots
tops	altuzarra adan top
jackets	people of shibuya coat 377
jeans	wardrobe nyc wardrobe nyc denim jeans
beachwear	farm rio colorful banana one piece
flats	crocstm slippers 199
scarves	faliero sarti tiffany watercolour floral print scarf
sneakers	gucci basket low trainers 3
skirts	boohoo designer plus basic jersey mini skirt
hosiery	smartwool everyday striped cable crew sock 5
t-shirts	converse t shirt 1461
knitwear	rrl cashmere shawl collar cardigan
shorts	gymshark seamless dark grey fit cycling shorts
knitwear	other uk cropped navarro jumper 1
flats	dr martens blaire slide 4
dresses	dorothee schumacher eccentric floral silk blend midi dress
pants	brain dead zebra dye flight pants 2
sneakers	superga 2790 linea flatform trainers in white
pants	incotex pants 2030
flats	kappa 222 banda mitel 1 shoes
hosiery	adidas originals super soft cushy comfort cozy socks
rings	emilio pucci pesci p fish ring 1
tops	daytrip striped top 2
dresses	red valentino dress 3859
t-shirts	paul shark t shirt 3084
shirts	doshaburi mans aw22 sh06 004 ocean shirt ghost print
jeans	calvin klein denim mom jean
hats	the north face logo box cuffed beanie 92
shorts	balmain mid rise cargo shorts 1
jackets	rag bone foster linen blazer 3
beachwear	just cavalli top 2045
boots	tony bianco atlanta 85cm ankle boots 3
bucket bags	maison martin margiela 5ac bucket mini bag
scarves	fiorucci logo scarf
jackets	mountain hardwear direct north 2
tops	superdry military embroidered long sleeve shirt
pants	mulawear up down no cut leggings 1
boots	bronx evi ann creme white biker boots
boots	jil y dodu boots 1
dresses	etoile isabel marant baikal floral printed wrap minidress
tops	santa cruz classic chest dot t shirt 1
tops	federica tosi v neck long sleeve blouse
shoulder bags	burberry quilted leather small lola camera bag 12
jeans	dsquared2 trousers 4408
t-shirts	rag bone dragonfly graphic t shirt
sweats	gant d2 collegiate hoodie 1
tops	kenzo sailor shirt 1
gloves	cfcl pink red fluted gloves
hats	cult of individuality cult old english logo mesh back trucker curved visor hat
t-shirts	ea7 t shirt man 33
pants	beyond yoga heather rib fitted midi jogger 6
bracelets	amazon essentials sterling silver plated double herringbone chain bracelet 75 1
tops	off white co virgil abloh camicia 447
shoulder bags	madewell the mini essentials bag
t-shirts	maison kitsune fox logo cotton jersey t shirt 6
jeans	jacquemus le de nime sn32
dresses	ecoalf plum knitted dress 1
tops	dress the population alice top 1
tops	nornot loose fit prescription vintage t shirt 1
pants	msgm casual pants 901
pants	boohoo sustainable crinkle wide leg beach pants 2
beachwear	dsquared2 technicolour triangle bikini top 1
necklaces	david yurman 18k yellow gold box chain necklace
tops	stella mccartney knitted sleeveless top 1
sweats	gucci brown jumbo gg lounge pants
shorts	rag bone shorts bermuda 53
dresses	loewe paulas ibiza mesh and jersey bandeau dress
necklaces	lova lola van der keen necklace like a star collection silver sterling 13
sneakers	alexander mcqueen white leather tread slick sneakers 2
sneakers	adidas originals adidas superstar 82 cloud white core white
sunglasses	chloe shiny classic glasses 10
totes	coccinelle nico leather handbag 4
dresses	xscape side ruched ruffle details scuba crepe gown 2
underwear	adidas 6 pk superlite ii low cut socks
lingerie	dominique anais everyday seamless bra 7200
flats	south beach pu two part espadrille with textured buckle
sneakers	giuseppe zanotti trainers 1562
nightwear	versace la greca lounge pants 2
lingerie	versace monogram bra 1
flats	minnetonka genuine sheepskin suede slipper
dresses	fabiana filippi midi dress 210
dresses	lemonlunar the serena diamante zip bandage dress
shorts	superdry studios high rise denim shorts 2
beachwear	balmain logo bikini 14
satchels	guess nell logo mini satchel 1
sneakers	axel arigato clean 180 sneakers 64
sneakers	vans vault ua og lampin lx sneakers 2
sneakers	thom browne tech runner quilted sneakers
jackets	add jacket 798
sweats	boss green sweat 1 logo sweatshirt
sneakers	alexander mcqueen tread slick high top sneakers 280
tops	off white co virgil abloh t shirt 10872
t-shirts	limitato sandstone hd t shirt
tops	majestic filatures stretch linen t shirt with metallic stripes
shorts	jsny check tweed shorts 1
shoulder bags	see by chloe handbag 508
knitwear	spencer badu side zip sweater 2
dresses	nicole bakti 7186 metallic like sleeveless evening gown
jackets	sun 68 jacket 461
t-shirts	boohoo oversized homme print t shirt set
scarves	bellemere new york multicolor gradient shawl scarf 2
tops	wsly square neck tank
jackets	peuterey down jacket 2207
sneakers	just cavalli logo print low top sneakers 1
beachwear	free society petite cross over cut out swimsuit
dresses	la femme 31193 sleeveless satin prom gown
dresses	meimeij midi dress 308
lingerie	calvin klein 205w39nyc modern cotton plus hipster 3
lingerie	out from under flocked velvet corey mesh corset
sweats	jil sander tie dye print hoodie 1
shirts	etudes studio shirt 111
knitwear	pleasures searching quarter zip 8
sneakers	premiata conny sneakers 668
tops	1017 alyx 9sm twisted vest top
pants	lovebirds straight fit trouser
necklaces	linda farrow decorative eyewear chain 4
dresses	balmain monogram midi dress 1
earrings	lucy quartermaine dripping hoop earrings
knitwear	les copains jumper 755
totes	marc jacobs the leather medium tote bag 110
bracelets	kendra scott double link toggle bracelet 4
tops	ulla johnson sera prismatic shape silk top
dresses	jakke penelope dress green stripe
sneakers	onitsuka tiger alvarado 24
sunglasses	mykita mmesse015 sunglasses 8
coats	moncler marus long puffer coat
tops	jacquemus la t shirt
tops	boutique moschino crewneck t shirt 35
dresses	silk laundry cdc alba dress 1
rings	spinelli kilcollin silver vela sg ring
sunglasses	earth wood unisex cruz 45mm polarized sunglasses 4
pants	fortela jaleh embroidered linen wide leg pants
skirts	oui mais non tullip cotton skirts 3
shorts	fay pants 336
sweats	levis batwing logo hoodie 17
scarves	givenchy jacquard scarf 4
dresses	roberto cavalli midi dress 112
lingerie	girlfriend collective dylan sports bra 8
shorts	nike dri fit icon 8 basketball shorts in blue
totes	dragon diffusion woven leather tote bag 8
bracelets	emporio armani bracelet 562
bracelets	wanderlust co to the sea hand chain
dresses	mcq alexander mcqueen high shine coated linear slip dress
skirts	dsquared2 mini skirt with logo
crossbody bags	bvlgari serpenti forever leather cross body bag 33
jeans	mother the hustler roller heel jeans 33
hair	draper james knot headband in berry print
earrings	melrose and market set of 3 textured hoop earrings
dresses	alberta ferretti floral embroidered dress 3
sweats	champion athletics cotton jersey pants 1
necklaces	john hardy sterling silver classic chain layered necklace
dresses	msk petite beaded neck open back mini dress
flats	michael kors jagger pvc sandal
tops	valentino floral applique semi sheer shirt
knitwear	dolce gabbana sweater 3210
knitwear	lorena antoniazzi sweater 149
jackets	paul smith double breasted wool blazer 7
tops	rrd t shirt 1687
sneakers	saucony ride 16 running shoe 21
flats	dolce gabbana embellished espadrille sandals 1
jackets	adidas originals adidas adventure dm black windbreaker 2
jeans	closed glow up jeans 8
sunglasses	ferragamo square frame sunglasses 19
dresses	la petite robe di chiara boni sangiovanna ruffled cocktail dress
knitwear	mulish designer jumper 1
tops	max mara paride cotton t shirt 4
shoulder bags	mkf collection by mia k hannah crossbody wristlet handbag 4
flats	toni pons triton espadrilles 10
jumpsuits	superdry slim taper dungarees 8
tops	semicouture kimono sleeves shirt 1
pants	proenza schouler belted high rise cotton pants 2
t-shirts	star wars force awakens kylo ren lightsabre sublimation t shirt
t-shirts	maestrami jumper 242
jackets	adidas neo vday jkt ogo printing sports jacket back
sunglasses	gucci round frame sunglasses 1065
jackets	c p company kan d hooded lens jacket
beachwear	melissa odabash martinique floral print gathered bikini briefs
underwear	carhartt force midweight crew sock 3 pack 9
sweats	white mark plus size hoodie sweatshirt dress 12
jackets	lkbennett nicholson charcoal pinstripe waistcoat
bracelets	neiman marcus 18k white gold diamond line bracelet
jumpsuits	salt cove juniors solid cinched waist lettuce edge hem romper cover up created for macys 1
flats	birkenstock sandals 6179
sneakers	cole haan grand crosscourt wing tip sneaker
dresses	twinset lace panelling cotton dress 1
flats	tony bianco nikki 2
lingerie	calvin klein carousel 3 pack thong 78
pants	stella mccartney pleat front straight leg trousers 6
sunglasses	coach 56mm square sunglasses 17
slip-ons	castaner espadrilles 3504
pants	toteme corduroy high rise pants
skirts	1off pants skirt 2
tops	ottodame blouse 2255
boots	isabel marant dicker suede ankle boots 60
jumpsuits	essentiel antwerp jumpsuit 23
hats	y 3 woven logo snood 3
dresses	river island red satin wrap midi dress 1
dresses	toteme gray turtleneck midi dress
sneakers	dr scholls for now hi oxfords
pants	lardini straight leg linen trousers 4
pants	maison margiela trouser 18
flats	trotters liz loafer 58
skirts	baserange brig skirt 2
shoulder bags	balenciaga pink hourglass mock croc leather mini bag
boots	alexander mcqueen tread slick high boots 7
lingerie	triumph vivid spotlight wdp padded bra
hats	white mountaineering mountaineeringr rolled beanie
jeans	maximilian davis telford straight leg jeans 1
coats	maje contrasting faux fur coat
sunglasses	bottega veneta bombe round sunglasses 6
skirts	self portrait flap welt pocket stone embellished boucle mini skirt
t-shirts	helly hansen jersey polo
underwear	unsimply stitched set of 3 crew sock 296
bracelets	missoma february birthstone 18kt vermeil bracelet
jackets	salvatore santoro jacket 948
sweats	ganni embroidered organic cotton blend fleece sweatshirt 2
beachwear	brave soul plus high waist bikini bottom
t-shirts	bugatchi angelo leaves printed ooohcotton tech performance three button polo clothing
jumpsuits	boohoo cut out detail romper
dresses	twinset long dress 210
pants	erl trouser 1
heels	jeffrey campbell hendrix heels 13
flats	easy spirit abide loafer 13
sneakers	nike renew ride 2 shoes 3
shirts	toogood the florist abstract print shirt
totes	chloe small woody felt tote
flats	camper sandals brutus 5
t-shirts	deveaux new york reese t shirt 1
pants	remain birger christensen tan soleima trousers
coats	jacquemus le papier le caban merria coat
jackets	kari traa vilde wind anorak 2
tops	talbots pleated palm frond tunic 1
t-shirts	44 label group t shirt in white cotton 2
pants	emporio armani pants 1396
dresses	lollys laundry nee long sleeve floral print maxi dress
boots	fabi suede boot 2
jeans	slvrlake denim london high rise straight 16
totes	loro piana small eolian bag
flats	isabel marant perforated detail suede sandals
dresses	maygel coronel cartagenera fermina asymmetric ruched jersey maxi dress
tops	r13 distressed printed cotton jersey t shirt 7
dresses	roberto cavalli one shoulder lace dress
hats	white sands sun cap uv block wide camella
boots	cl by chinese laundry charming ankle bootie
pants	fiorucci icon straight leg trousers
heels	vic matie sandals 1468
sweats	puma pua better f weathirt back woan
sunglasses	balenciaga sunglasses 3558
t-shirts	urban outfitters mtv cartoon gradient tee 2
shorts	frame le brigette high waist raw edge denim shorts 10
sneakers	giuseppe zanotti trainers 854
skirts	proenza schouler white label faux leather miniskirt 2
shirts	tekla long sleeve poplin pajama shirt
sunglasses	dior sunglass 30montaigne b2u
sneakers	nike air force 1 hi sneakers 4
hair	jennifer behr natasha headband
watches	garmin fenixr 7s solar smartwatch 1
necklaces	zimmermann large knife edge chain necklace
t-shirts	speedo long sleeve rash top neoprene t shirt
sweats	fendi sweatshirt 1365
t-shirts	clot t shirt by wave
beachwear	farm rio carioca cover up
pants	missoni trousers 817
sweats	rhude embroide sweatshirt
dresses	na kd brown recycled dobby shirt dress
heels	giampaolo viozzi sandals 467
t-shirts	moncler genius 2 moncler 1952 t shirt 31
sneakers	moncler lunarove sneaker 19
lingerie	asos 3 pack thong 3
heels	michael michael kors jagger 127mm leather studded platform sandals 1
tops	noni b linen palm print slub knitwear top
jumpsuits	brendabrenden seoul overalls
t-shirts	puma select pua seect dowtown graphic short seeve t shirt back an
shorts	frankies bikinis genevieve crochet shorts 2
flats	tory burch loafer 134
sneakers	veja trainers 1031
jeans	rick owens drkshdw denim pants 127
earrings	aldo dolonna 1
earrings	roberto coin 153 tcw diamond and 18k white gold hoop earrings 1in
sneakers	nike sb zoom blazer mid skate shoes 14
dresses	sweaty betty power workout mini dress w pockets
t-shirts	graver rainbow flower bear half sleeve t shirt 3
tops	marni shirt 2423
hats	for love lemons hat
lingerie	le petit trou pomme triangle briefs
hats	calvin klein logo patch five panel cap
scarves	loro piana hanakotoba silk twill scarf 1
pants	north sails stretch cotton chino pants 4
clutches	strathberry stylist snake embossed leather clutch
shoulder bags	aimee kestenberg all for love leather convertible shoulder 3
sneakers	adidas aw run mid shoes
flats	lorenzo mari sandals 135
sneakers	helly hansen gobi 2 hiking shoes
t-shirts	levis t shirt 6566
heels	nanushka heeled shoes
beachwear	clube bossa koss ruffle trim detail swimsuit
dresses	ted baker yaz belted linen blend minidress 1
pants	meimeij trouser 104
jackets	krisa linen blazer 1
rings	john hardy classic chain 18k yellow gold 02 tcw diamond ring 1
shirts	eton of sweden contemporary fit geometric print dress shirt 3
tops	tom tailor button long sleeve shirt
tops	chiara ferragni 260 top
jumpsuits	boohoo pleated drape sleeve wide leg jumpsuit 2
lace-ups	vance co cole dress shoe 2
sweats	ll bean quilted pullover hoodie color block 1
pants	boohooman designer crinkle relaxed suit trouser
sneakers	nike sb dunk low premium sneakers 3
wallets	hugo myles wallet sn32
sunglasses	persol eyewear 4
dresses	primavera couture floral gown 3
jackets	ll bean mountain classic insulated anorak
skirts	other stories knitted lace up mini skirt
boots	hunter intrepid short snow boot 5
jeans	g star raw virjinya slim jeans 70
sweats	macchia j sweatshirt 803
shoulder bags	saint laurent niki medium crinkled calfskin flap top shoulder bag black hardware
dresses	loveshackfancy victorian panelled cotton dress
tops	etro paisley trimmed long sleeved blouse
watches	versace medusa alchemy goldtone stainless steel watch
jackets	balmain jacket 3551
tops	sugarlips brooke ruffle shoulder cotton knit top curve 5
shirts	manuel ritz shirt 498
heels	nina volanda evening dress sandals 1
nightwear	tommy hilfiger icon bathrobe 12
sneakers	guess sneakers low luchia
jackets	stedman full zip fleece
watches	philipp plein wrist watch 87
pants	oscar jacobson pants 4
tops	adrianna papell printed smocked neck hem top
jackets	cruciani jacket 85
tops	comme des garcons play heart detail short sleeved t shirt 1
sneakers	adidas originals sneakers gazelle bold 20
shirts	aglini shirt 4990
rings	peppermayo tiana resin ring
belts	alexander mcqueen regular belts fabric black
knitwear	falconeri crew neck sweater insilk and cotton 7
shorts	valentino boucle shorts
sweats	new balance essentials crew sweatshirt 25
jackets	k way black claude windbreaker
backpacks	carhartt wip bayshore backpack 17
sunglasses	oakley sunglasses 3525
underwear	dsquared2 cotton briefs 21
tops	na kd white tie waist cropped cotton shirt
t-shirts	bad birdie pique performance golf polo at nordstrom
tops	bebe cross front knit top 1
dresses	bite studios femme belted organic cotton midi dress
t-shirts	nike dri fit dunk on u basketba printing short seeve white
flats	valia gabriel sandals 9
knitwear	b ab button down knit cardigan
hats	ktz mlb league la dodgers cotton baseball cap 2
t-shirts	puma emblem logo t shirt 3
pants	attic and barn trouser 113
knitwear	kenzo sweater woman 2
beachwear	miss selfridge bandeau tie open back swimsuit 1
bracelets	saint laurent ysl lizard embossed leather bracelet
flats	adidas adilette comfort slides 489
skirts	jil sander pleated skirt 31
dresses	yuppe su shirring dress
coats	1017 alyx 9sm nylon trench coat with hood 1
dresses	reiss freida belted mini dress
belts	dea designer bust crystal belt
tops	pepe jeans maya
beachwear	moncler logo beach towel 5
bracelets	le gramme 20g polished sterling silver r
scarves	stephan janson scarf
slip-ons	to boot new york del amo driving shoe 1
shorts	lpa dottie short
shirts	dries van noten celdon shirt 1
lace-ups	rockport margin oxford 49
pants	relish leggings 41
tops	isabel marant bilya paisley cotton silk button up shirt
dresses	chloe crochet mini dress
belts	perry ellis big tall portfolio black matte buckle belt
dresses	weili zheng short dress 123
sweats	emporio armani sweatshirt 5956
slip-ons	guess hunder square toe slip on dress loafers
shorts	nike sportswear gym vintage shorts 71
lingerie	hanro janna bra
holdalls	brunello cucinelli borsa in canvas 3
t-shirts	adsum classic logo t shirt 13
jackets	redone cotton cropped denim trucker jacket
earrings	belpearl 14k yellow gold freshwater pearl hoop earrings
messenger	ted baker recycled pu satchel 1
dresses	intimately after midnight babydoll slip 1
shorts	asos midi shorts
jackets	tagliatore sheepskin zipped jacket 1
pants	loeil basic pintuck cotton pants 2
tops	dries van noten carvie shirt black
rings	selim mouzannar 18 karat rose gold tanzanite ring
knitwear	relish turtleneck 136
sneakers	voile blanche trainers 1789
coats	sacai chalk stripe coat
tops	french connection helena top
sneakers	swc pearl s strike 1
dresses	boohoo floral split midi t shirt dress
dresses	alexia admor alessi sequin gown
shirts	a_cold_wall logo shirt 5
pants	ralph lauren purple label straight leg linen trousers 3
t-shirts	polo ralph lauren t shirt 10873
wallets	ferragamo vara bow coin purse 17
shorts	high shorts bermuda 7
t-shirts	boss by hugo boss chest logo patch polo shirt 2
belts	burberry signature check belt w plaque 1
pants	public desire high waist belted wide leg trousers
jeans	nydj wide leg pull on jeans
pants	dolce gabbana floral jacquard tailored pants
lace-ups	moma lace up shoes 340
t-shirts	rick owens pink dylan t shirt 1
lace-ups	santoni lace up shoes 1079
t-shirts	prada chest patch pocket t shirt
earrings	sandralexandra baroque pearl 18kt gold plated hoop earrings
sneakers	autry round toe lace up sneakers 6
knitwear	tommy hilfiger cardigan 844
umbrellas	moschino teddy bear compact umbrella 4
knitwear	knit knit oversized pullover 2
pants	ami palazzo trousers 6
boots	baldinini ankle boots 1011
heels	robert clergerie sandals 318
t-shirts	nike dri fit quick dry breathabe port training occerfootba hort back
bracelets	bke beaded bracelet 13
shorts	fila forza 8 bike short 15
tops	dkny t shirt 1574
dresses	lemaire midi shirt dress with twist detail
beachwear	luigi borrelli napoli paisley motif swim shorts 2
heels	white mountain hamza wedge sandal
dresses	alberta ferretti silk satin cowlneck gown
jackets	ndeg21 tailored single breasted blazer
jackets	theory wool and cashmere blend bomber jacket 1
sneakers	nike react element 55 indigo fog 3
beachwear	tom teddy wave print swim trunks
underwear	for bare feet brooklyn nets 4 stripe deuce crew socks
necklaces	savvy cie jewels sterling silver prong set canary cz pendant necklace in yellow at nordstrom rack
heels	porte paire leather sandals 7
t-shirts	g star raw flock gr r t t shirt 5
nightwear	asos design tall exclusive viscose spot sleep shirt 1
shirts	massimo alba raji grandad collar cotton corduroy shirt
scarves	acne cashmere scarf 7
sweats	iets frans lime contrast stitch sweatshirt
jackets	helmut lang green sheer blazer
sweats	off white co virgil abloh off white sweaters 312
earrings	lucy quartermaine multi drop hoops in gold vermeil
jeans	acne climb low rise skinny jeans 2
tops	edikted halter crochet top with contrast binding
flats	monki heeled thong sandal
bracelets	eera special order tokyo diamond pave bracelet in 18 karat white gold 1
jackets	7 for all mankind bomber jacket textured knitted wool black 1
sunglasses	david beckham db 7066fs sunglasses 1
knitwear	saint laurent cardigan 492
coats	other stories wool double breasted coat
dresses	anine bing victoria dress 4
tops	frame cotton silk printed shirt
flats	nanushka mahalia leather and suede sandals
heels	oliver bonas weave leather heeled sandals
shorts	isabel marant high waist shorts 32
shoulder bags	by far dulce long leather shoulder bag 1
earrings	ettika classic pearl cluster 18k gold plated stud earrings 1
sunglasses	ray ban rb3708 chromance sunglasses frame blue lenses polarized
t-shirts	nike black kansas city royals team camo logo t shirt
slip-ons	boss by hugo boss navy knotted trim moccasins
hats	superdry code standard logo cap
boots	tommy hilfiger imiera ankle boot 3
hats	47 brand camo florida state seminoles clean up core adjustable hat
knitwear	the ragged priest solstice distressed loose knit jumper
flats	lands end comfort elastic ballet 1
sweats	puma x rhuigi double layer hoody
t-shirts	bbcicecream small arch logo t shirt 135
jeans	elleme blue topstitched straight leg jeans
lingerie	aubade moulded danse des sens plunge bra
tops	sea priya top
hats	ktz washington nationals vintage floral 59fifty cap
sandals	ferragamo gancini pattern sandals 1
tops	g star raw g tar raw optic i hort eeve crew neck t hirt 1
wallets	off white co virgil abloh leather trimmed printed canvas wallet
bracelets	naiia amalfi double beaded oxidized sterling silver bracelet
pants	helmut lang black 5 pocket leather pants
jackets	atcorner wool herringbone check jacket
coats	james lakeland mix faux fur panel coat
beachwear	foco garnet florida state seminoles wordmark bikini bottom
jeans	hudson james high rise wide leg 6
t-shirts	berluti cotton t shirt 4
cufflinks	cufflinks inc reorder gold plated silver onyx studs
lingerie	asos sienna lace tanga thong 2
earrings	maria tash five flower garland diamond threaded stud earring
jeans	trendyol high waist bootcut jeans cotton 2
sweats	under armour rival terry fz hoodie zelena sweatshirt
lingerie	maison margiela bodysuits 14
boots	public desire kenzie black patent pointed toe block heel ankle boots
pants	mm6 by maison martin margiela jersey blend leggings 1
jackets	feng chen wang embroidered blazer 1
totes	furla handbag 2120
pants	icebreaker bodyfitzonetm merino leggings
t-shirts	superdry uperdry core ooe hort eeve t hirt bue an 1
lingerie	wacoal b smooth hi cut brief 79
clutches	nasty gal faux leather zip wristlet
necklaces	givenchy multi crystal lariat necklace silver 1
necklaces	suzy levian modern 14k white gold 78ct sapphire and diamond accent birthstone pendant 1
dresses	solace london black bandeau maxi dress
clutches	pepe jeans mara red cosmetic bag 175 x 95 2 cm faux leather
dresses	injiactive ribbed shirring dress 1
slip-ons	swims penny loafer sand dune
tops	reformation dillon tank top
tops	fanatics red black atlanta falcons team draft me lace up raglan t shirt
hats	armani exchange logo baseball cap 68
jackets	rag bone icons manston recycled nylon bomber jacket 2
ties	bonobos premium necktie 147
heels	marsell toe post sandals 12
t-shirts	superdry uperdry vintage ogo icro eb t hirt 11
knitwear	dondup high neck long sleeved jumper
earrings	rachel glauber 14k plated cubic zirconia hoop 2
t-shirts	puma rebel camo graphic 1
beachwear	only sons swim trunks 11
totes	la milanesa handbag 58
heels	aldo millgate pump 3
sunglasses	versace special project sunglasses 4
pants	carhartt wip simple pant 73
boots	acne logo ankle boots 7
jackets	superdry mountain expedition parka 23
lace-ups	stacy adams garrett cap toe oxford 2
jackets	fay vest 71
dresses	farm rio striped forest printed cotton midi dress
tops	alex mill wyatt paneled striped cotton poplin shirt
bracelets	saachi style paramount pearl bracelet
knitwear	zadig and voltaire markus cashmere sweater 6
nightwear	loewe silk anagram detail pyjama shirt
tops	only tilde high neck lace
jackets	moose knuckles rock point vest 7
hats	boohooman applique badge trucker cap 1
tops	burberry carrick t shirt 218
t-shirts	marcelo burlon t shirt 7721
tops	karl lagerfeld t shirt 6726
nightwear	white mark polka dots three piece pajama set 1
pants	department 5 pants 936
sneakers	puma ralph sampson lo reptile 1
sunglasses	zadig voltaire rectangular frame sunglasses 7
necklaces	roberto coin 18k small diamond heart medallion necklace
lingerie	boody organic bamboo full brief
jeans	7 for all mankind roxanne luxe vintage blueprint
beachwear	eres les essentiels mouna triangle bikini top 33
sneakers	new balance numeric tiago lemos deep teal
pants	daniele alessandrini pants 832
knitwear	blumarine cardigan 2544
flats	ugg janaya loafer in cobble suede at nordstrom rack
sneakers	nike react tiempo legend 9 pro ic indoorcourt football shoe white
slip-ons	tommy hilfiger flag home slippers 6
jackets	roxy check the swell overshirt for women
sweats	ll bean beans cozy camp hoodie graphic
bracelets	cz by kenneth jay lane look of real 14k goldplated brass cubic zirconia 3mm pearl station anklet
dresses	i saw it first knitted rib collar dress
skirts	proenza schouler drawstring waist full skirt
scarves	ferragamo vara bow and crystal hairclip 1
sweats	just cavalli sweatshirt 1954
sweats	msgm logo print cotton sweatshirt 104
boots	ariat round up bliss western boot
heels	katy perry the beed zigzag mule 1
pants	true royal pants 406
sweats	adidas heathered gray los angeles kings team classics vintage like pullover sweatshirt
nightwear	morgan lane nessa lace trim pajama shorts 3
shoulder bags	marc jacobs white the snapshot bag 5
knitwear	lauren moshi janelle crystal stars
t-shirts	volcom crisp stone short sleeve tee 41
shorts	frame le cutoff rolled hem shorts 3
dresses	dress the population tatum lime green mini dress
tops	isolda ronnie high neck blouse
tops	na kd designer green ribbed knitted cropped top
heels	prada leather studded clogs
t-shirts	ambush t shirt 2759
beachwear	zimmermann swimsuit bottom 36
sneakers	vans sk8 mid sid suede baja blue
skirts	the line by k costa skirt
hosiery	monki 3 pack cotton socks 9
beachwear	missoni color nylon blend one piece swimsuit
pants	dakota501 low rise drill pants 5
beachwear	vissla minds eye 175 ecolastic trunks
dresses	asos halter satin ruched scoop mini dress 3
pants	nydj pull on flared pants in jet black
t-shirts	amazon essentials 2 pack slim fit short sleeve crewneck t shirt 190
t-shirts	projob spun dyed t shirt 4
belts	asquith fox woven braid stretch belt 1
tops	allude t shirt 382
necklaces	baublebar 18k gold double initial necklace 1
beachwear	vilebrequin one piece swimsuit raiatea
shorts	zimmermann crochet shorts 1
clutches	rebecca minkoff lou croc embossed leather clutch on chain
heels	roger vivier cube strass 120 satin platform sandals
tops	pistola mandy oversized shacket 9
jackets	y 3 zip up long sleeved jacket
tops	hendrick motorsports team collection black jeff gordon dupont t shirt
sneakers	nike court vapor lite clay tennis shoe black
lingerie	maison margiela second skin sleeveless bodysuit 5
sweats	nike w wordmark fleece pant
wallets	bottega veneta intrecciato leather coin wallet 11
flats	ferragamo grandioso bit loafers 3
shirts	deus ex machina shirt 47
lingerie	triumph body make up essentials whp demi bra 8
jackets	thom browne knit ribbed blouson jacket 2
sneakers	kiton sneakers 896
necklaces	frame chain gold plated multiple healing glasses chain
t-shirts	bastille t shirt 1737
jackets	boglioli jacket 888
pants	versace high rise straight wool pants 1
beachwear	fisico v back one piece 1
slip-ons	ugg disquette hazelnut black slipper
pouches	bottega veneta intrecciato leather pouch 238
sweats	liu jo short sleeve cotton zipper
skirts	zimmermann zim devi textured knit skrt 1
heels	studio amelia 50mm twisted leather sandals 1
dresses	kaos short dress 1376
sneakers	nike air vapormax plus shoes in pink 1
shorts	ernest w baker four pocket leather shorts
shirts	billabong daybreak plaid short sleeve button up shirt
sneakers	boss athleisure saturn low profile grained leather trainers
sneakers	lacoste trainers 307
shirts	toadco mattock ii short sleeve shirt 5
tops	propaganda t shirt 11
pants	thom browne wool backstrap tailored trousers
dresses	jennafer grace antique rose foil ruffle dress
earrings	maria black orecchino delicate hoop 22 2
flats	bzees cabana sandal 2
flats	rebecca allen the skim flat 2
lingerie	marlies dekkers bra 163
shoulder bags	courreges high shine baby shark mirror shoulder bag
tops	beme short sleeve eyelet top plus size
bracelets	coach signature enamel bangle 1
jackets	moncler genius 6 moncler 1017 alyx 9sm 60
boots	ambush chunky sole boots
dresses	prada logo plaque sleeveless midi dress 2
pants	bke jake boot stretch pant 3
sweats	adidas sportswear adida portwear ce hort
jeans	black orchid gisele high rise skinny 6
flats	jil y xme loafers
knitwear	kangra cotton sweater 53
earrings	artisan carat diamond cut huggies earrings in 14k yellow gold
dresses	boohoo the maternity chiffon ruffle mini dress
sunglasses	gucci cat eye sunglasses 421
beachwear	playful promises bikini top 3
heels	nine west fortuna 8
hats	oliver bonas neppy neon pink knitted pom hat
sneakers	adidas solarglide 5 low tops breathable black
sweats	oneill sportswear hazel fleece 3
jackets	regatta charleigh 5
tops	balmain flocked logo t shirt 428
t-shirts	undercover photograph print cotton t shirt 1
flats	franco sarto balica loafer 34
earrings	diamant leternel 18ct white gold diamond and sapphire earrings
t-shirts	adidas 21 black nc state wolfpack swingman jersey
bracelets	aurelie bidermann enamelled design open back bangle
sweats	etro paisley print cotton sweatshirt 3
heels	whistles cornel suede point pump 14
dresses	black halo damari shimmer one shoulder gown
rings	serge denimes erode ring 2
t-shirts	aurelien light blue linen polo shirt 1
sunglasses	emporio armani sunglasses ea4172 54 2
knitwear	heritage cardigan 2294
rings	nialaya jewellery cocktail ring with onyx
jeans	true religion denim cropped 1
tops	levete room naja 11 top 10
heels	givenchy g cube lambskin ankle strap sandals 3
shirts	versace jeans gold buttons cotton denim shirt
pants	m i s b h v cut out straight leg trousers
dresses	lkbennett amelia navy cotton modal maxi dress
jeans	johnnie o uno six pocket jeans
pants	weekday row slim straight leg jeans in washed black
shoulder bags	bottega veneta padded intrecciato cassette bag in python print leather
lingerie	cosabella classic g string 3
lingerie	calvin klein panties 191
tops	sessun shirt 201
flats	journee collection joarie sandal 2
nightwear	tom ford grosgrain trimmed stretch cotton jersey long johns
slip-ons	anthony veer roosevelt single monk strap
pants	essentiel antwerp domo pants
jackets	nike navy chicago white sox authentic collection dugout full zip jacket
ties	dunhill ties bow 231
shirts	turnbull asser purple hairline stripe cotton fabric
earrings	karl lagerfeld kmonogram dip hoop earrings
pants	nike sportswear essential swoosh graphic mid rise leggings
tops	city chic ruffle halter top 1
sneakers	nike air max plus black university gold spruce 1
knitwear	toteme v neck long sleeved jumper 2
jackets	gramicci pertex trailside wading jacket 2
earrings	ben amun sapphire color and swarovski crystal drop earrings for bridal wedding anniversary
lingerie	wacoal perfect primer wire free 2
jackets	boohoo mix match brights oversized blazer 9
pants	tabaroni cashmere trouser 3
belt bags	jerome dreyfuss jerry leather belt bag 1
t-shirts	carhartt wip striped cotton t shirt 5
dresses	crystal wardrobe leopard spliced round neck dress 1
pants	parosh trousers 2092
t-shirts	nfl big tall logo graphic tee 4
jackets	desigual short jacket zipper
shirts	stenstroms shirt 304
hats	y 3 beige stitch cap
sunglasses	balenciaga sunglasses 4094
tops	rag bone mare floral shirt 3
watches	avi 8 hawker hurricane chronograph army green genuine leather strap watch 42mm
jeans	adhoc wide fit denim pants
dresses	rebeca vallance rebecca vallance carmelita gown size 8
heels	journee collection comfort saar pump 16
earrings	lulu copenhagen natural stone chain earring rose single 1
t-shirts	moschino jumper 653
beachwear	elou knitted one piece swimming costume 2
t-shirts	fay polo shirt 835
lingerie	wacoal simone seamless underwire sports bra
jeans	only ony veneda mom rip rep high wait jean bue 32 woman
boots	clarks shoes bushacre 2 chukka boots 2
sweats	fanatics branded navy dallas cowboys offensive strategy short sleeve pullover hoodie
sneakers	vans ua destruct mid mte 1 sneakers
tops	hm linen jersey tank top 19
flats	geox sandals 1628
t-shirts	maharishi samurai vsdragon long sleeve t shirt
tops	american vintage t shirt 2050
dresses	the kooples crossover drop waist mini dress
t-shirts	calvin klein 3 pack crew neck t shirts 9
sneakers	ugg illows ii gore
shorts	bbcicecream helmet short 1
sweats	iuter printed cotton hoodie 5
dresses	mac duggal mac floral embroidered midi dress
knitwear	acne wool and cashmere blend sweater 2
necklaces	the alkemistry iqra moon 18ct yellow gold multi stone and 003ct round cut diamond pendant necklace
necklaces	island by koa nani pineapple pendant with cz
dresses	massimo rebecchi short dress 98
dresses	siyu midi dress 161
knitwear	golden goose deluxe brand journey sweatshirt regular crewneckgmp01134p00073860352
dresses	nasty gal mesh corset detail wrap over dress
flats	easy spirit taiga slip on 1
tops	puma maternity studio trend relaxed tank
knitwear	reformation sydney cashmere collared sweater
holdalls	carhartt 120 l classic duffel
tops	self portrait guipure lace cotton crop shirt
dresses	aniye by wizy black dress
tops	zaful tank tops satin cinched criss cross cowl front asymmetrical camisole
beachwear	drumohr swim shorts 70
wallets	steve madden logo bar trifold wallet
lace-ups	rockport style leader 2 apron toe dress shoes
tops	champion classic logo t shirt 79
scarves	giani bernini signature square scarf 3
top handle bags	balenciaga hourglass mini glitter top handle bag 1
sneakers	new balance footwear 1
hosiery	benetton socks with embroidered logo 5
sneakers	nike air max triax 6 sp camo
dresses	thom browne mini dress 18
pants	beyond yoga spacedye love the bump maternity pocket midi legging 23
sunglasses	ahlem st germain round frame acetate sunglasses 1
pants	iceberg casual pants 106
t-shirts	versace t shirt logo lurex
sandals	superdry vintage classic sandals 14
bracelets	sydney evan 14k yellow gold enamel unicorn charm bracelet
lingerie	moschino bra 434
sweats	whos who sweatshirts 6
dresses	adam lippes pleated floral print silk crepe de chine gown
lingerie	gossard glossies lace sheer bra 25
heels	schutz shoes malini nappa leather sandal
beachwear	mw ribbed underwire open back one piece swimsuit
jackets	bolongaro trevor longline zip through leather bomber
top handle bags	dolce gabbana black small dg daily bag
sneakers	asics gt 2000 10 running shoes 151
t-shirts	boohooman 2 pack basic t shirt 1
beachwear	fedeli madeira airstop 7
dresses	ashley lauren 11109 iridescent sequin mermaid prom gown 3
sweats	c p company cotton fleece resist dyed sweatshirt 27
pants	norma kamali striped stretch jersey wide leg pants 8
jeans	bianca saunders blue reverse 23 jeans
dresses	moschino short dress 312
heels	vivienne westwood teddy girl platform sandals
hats	ktz black kansas city chiefs 2021 salute to service cuffed knit hat
sneakers	superga 2790 platform sneaker 39
shirts	garcia c31082 long sleeve shirt
sneakers	otbt wilna sneaker 6
jackets	bottega veneta single breasted long wool jacket 1
tops	chiara ferragni eye print short sleeved t shirt 1
shirts	levis relaxed fit western shirt 51
dresses	kimi kai katy tiered maternitynursing midi dress
earrings	crystal haze jewelry nostalgia bear 18kt gold plated earring set
t-shirts	roberto cavalli fierce print short sleeve t shirt
pants	dries van noten denim pants 95
earrings	chloe jemma earrings 25
hats	sunday afternoons sol seeker 2
beachwear	versace black allover bikini bottom
lingerie	rosie pope wireless unlined bra
tops	lagence freja blouse 11
rings	burberry silver ekd ring
dresses	marella midi dress 143
skirts	peter pilotto ceremony print skirt multicolour
tops	jdy brooke long sleeve shirt 1
heels	jimmy choo flaca 100 satin sandal
jeans	ermanno scervino denim pants 209
beachwear	agua by agua bendita mejorana sabanero nocturno recycled polyester one piece
sweats	polo ralph lauren big tall icon logo hoodie 3
necklaces	ben amun gold chain necklace 1
tops	simon miller zeb maxi top
necklaces	vetements gothic logo plaque curb chain necklace
flats	yosi samra rivington flip flop 48
shirts	daniele fiesoli shirt 142
beachwear	luli fama luli diva cross back bustier top 1
underwear	ted baker three pack cotton fashion boxer brief 1
knitwear	jacquemus la maille merano wool blend jumper
boots	trespass damon waterproof wellington boots 2
hosiery	anonymous ism sarape stripes crew socks 1
sneakers	nike jordan why not zer02 pf tiger camo
sunglasses	prada sunglass pr 14zsf
jeans	angelo marani denim trousers 4
rings	marco bicego 18kt yellow gold diamond three band ring
heels	bellini love pump
sweats	nike phoenix fleece wide leg joggers
jeans	frame denim le skinny de jeanne high rise jeans
totes	gianni chiarini handbag 2005
flats	matisse melia sandal 1
sweats	colosseum athletics heather gray michigan state spartans arch logo crew neck sweatshirt
dresses	boohoo plus dobby mesh ruffle angel sleeve skater dress 3
jackets	tagliatore single breasted blazer 339
jackets	stan ray relaxed fit zip through fleece
gloves	cufflinks inc ox and bull trading co stainless steel rope border round engravable cufflinks
shirts	msgm shirt 4109
dresses	reclaimed vintage corset dress
t-shirts	barbour kylemore t shirt 1
flats	betsey johnson halliee 1
dresses	js collections soutache mesh dress 33
pants	haggar jm mens classic regular fit stretch sharkskin suit pants 2
jackets	marc new york carlisle
tops	selected rachelle halter neck top royal blue 1
dresses	zimmermann devi paisley wrap mini dress
t-shirts	fila t shirt 2919
beachwear	rip curl mirage divided 20 boardshorts 2
knitwear	c2h4 ellipse paneled mohair sweater 1
belts	prada reversible brand engraved saffiano leather belt
skirts	lado bokuchava twentythree skirt
tops	patou logo top 8
shirts	premier long sleeve formal plain work poplin shirt 12
sneakers	converse run star legacy cx future comfort sneakers 1
wallets	cobb co kadina soft leather phone and wallet all in one
tops	nike city racerback tank top 11
t-shirts	dries van noten black square neck tank top
belts	bally taylan reversible belt 8
sunglasses	poppy lissiman rossi speedway 2
beachwear	colosseum athletics maroon mississippi state bulldogs the dude swim shorts
sunglasses	ghoul rip be square frameless sunglasses 8
sweats	li ning bonded sweatshirt
pants	emory park baby cord split hem flares co ord
boots	windsor smith krab 1
shoulder bags	karl lagerfeld shoulder bag 489
shoulder bags	mm6 by maison martin margiela satin shoulder bag 1
sneakers	goodnews venus canvas sneakers
beachwear	double rainbouu night swim shorts 5
t-shirts	raging bull signature organic cotton pique polo shirt 5
flats	the north face thermoball tent mules 18
tops	hard tail 34 sleeve slouchy luxe tee 1
scarves	loewe anagram jacquard wool blend scarf 12
pants	love moschino casual trouser 487
shoulder bags	mkf collection by mia k lucille shoulder handabag and wallet 2 pieces 6
sweats	superdry cooper classic hoodie cotton 1
totes	palm angels palm beach bag mini pink gold 1
knitwear	majestic filatures jumper 291
beachwear	eres beaute triangle bikini top 3
t-shirts	nautica wessix t shirt 1
knitwear	reformation azura off the shoulder lyocell blend sweater
pants	alton lane tastemaker tailored fit windowpane wool trousers
hats	vans curved bill jockey strapback hat
shirts	palm angels greenblack check shirt 1
jackets	masons suit jacket 13
underwear	bjorn borg pixel leopard ankle socks
sneakers	vans cali thornhill dewitt x era lx
knitwear	c p company light cotton crewneck sweatshirt 3
jeans	mother the tomcat roller jeans 67
pants	roxy oceanside yarn dyed beach pants
t-shirts	c p company cp company goggle print t shirt 1
watches	pierre cardin mens watch cpi 2061
tops	inf pleated deconstructed shirt
scarves	samsoe samsoe scarf 20
earrings	bloomingdales diamond butterfly stud earrings in 14k yellow gold 1
knitwear	vince merino wool silk cashmere sweater
jackets	officine generale liam suede jacket 11
t-shirts	dolce gabbana silk and cotton polo shirt with dg embroidery 1
totes	chloe chloe marcie large leather tote bag
lingerie	victorias secret angel pink and black lace unlined balcony bra
watches	stuhrling quartz silver tone mesh bracelet watch 29mm
nightwear	lands end plus size knit pajama short set sleeve t shirt and shorts 6
lingerie	freya fancies brazilian 30
tops	dolce gabbana cotton fairy tale t shirt 4
sneakers	tommy hilfiger trainers 1274
beachwear	iceberg one piece swimsuit 78
sneakers	nike air max 2021 trainers 11
flats	ferragamo ofelia embellished glossed leather loafers
sandals	french connection fitch 1
sneakers	us polo assn women sneakers 3
shirts	mastricamiciai shirt 513
earrings	sophie bille brahe bain perle 14kt gold single earring with freshwater pearls
jackets	victoria victoria beckham patch pocket jacket 5
t-shirts	nike dri fit trail running t shirt 47
dresses	rag bone liquid miramar mini dress printed tromp loeil
slip-ons	cesare paciotti luxury italian magic dark loafers cpm4005
flats	i saw it first soft slingback fluffy slipper
belts	tommy hilfiger denton braided webbing belt 2
jackets	alexander wang nylon combo jacket in plush double fleece 1
skirts	na kd designer buckle detail mini pu skirt
flats	reformation millie lattice flat sandal 7
sneakers	adidas y 3 runner 4d halo 1
flats	kickers s kick lo stack shoes
dresses	one33 social single knot mini
belts	giuseppe zanotti logo buckle leather belt 14
totes	marc jacobs the tarp small tote bag 3
